timestamp,open,high,low,close,volume
2024-01-01T00:00:00,100.0,100.1597,99.8333,100.0981,954.2222
2024-01-01T00:01:00,100.0981,100.4033,100.0559,100.2965,1092.6838
2024-01-01T00:02:00,100.2965,100.4459,100.2518,100.3249,964.2413
2024-01-01T00:03:00,100.3249,100.7226,100.2689,100.5189,1075.6981
2024-01-01T00:04:00,100.5189,101.037,100.3678,100.808,1164.7924
2024-01-01T00:05:00,100.808,101.2862,100.5977,101.2464,1226.2735
2024-01-01T00:06:00,101.2464,101.4392,101.1516,101.3844,1212.8714
2024-01-01T00:07:00,101.3844,101.7029,101.2203,101.5508,1162.9045
2024-01-01T00:08:00,101.5508,101.9129,101.5083,101.8697,1215.0214
2024-01-01T00:09:00,101.8697,102.3704,101.7737,102.2506,1327.3868
2024-01-01T00:10:00,102.2506,102.6481,102.0538,102.5552,1333.7248
2024-01-01T00:11:00,102.5552,102.9391,102.4149,102.7885,1353.5212
2024-01-01T00:12:00,102.7885,103.3032,102.5527,103.2127,1315.4121
2024-01-01T00:13:00,103.2127,103.7121,103.1508,103.5231,1352.3991
2024-01-01T00:14:00,103.5231,103.8625,103.3326,103.6922,1326.1537
2024-01-01T00:15:00,103.6922,104.2756,103.5162,104.1797,1481.7299
2024-01-01T00:16:00,104.1797,104.6793,103.9733,104.5535,1515.0313
2024-01-01T00:17:00,104.5535,105.0531,104.5107,104.8836,1470.9415
2024-01-01T00:18:00,104.8836,105.5127,104.681,105.2741,1439.235
2024-01-01T00:19:00,105.2741,105.7283,105.2394,105.5579,1444.2798
2024-01-01T00:20:00,105.5579,105.8041,105.5155,105.7495,1478.7519
2024-01-01T00:21:00,105.7495,105.997,105.6374,105.915,1504.3861
2024-01-01T00:22:00,105.915,106.1732,105.7696,106.0488,1511.2129
2024-01-01T00:23:00,106.0488,106.6598,105.9604,106.4484,1556.5591
2024-01-01T00:24:00,106.4484,106.8719,106.2173,106.6562,1446.4686
2024-01-01T00:25:00,106.6562,106.8552,106.5772,106.7765,1487.7875
2024-01-01T00:26:00,106.7765,107.119,106.7456,107.0339,1551.5133
2024-01-01T00:27:00,107.0339,107.3355,106.8037,107.1866,1574.446
2024-01-01T00:28:00,107.1866,107.5324,107.0146,107.3727,1491.856
2024-01-01T00:29:00,107.3727,107.8751,107.159,107.6813,1695.246
2024-01-01T00:30:00,107.6813,107.8868,107.6296,107.773,1592.6822
2024-01-01T00:31:00,107.773,107.8171,107.6404,107.7143,1511.8764
2024-01-01T00:32:00,107.7143,107.7766,107.6842,107.7356,1512.1866
2024-01-01T00:33:00,107.7356,107.842,107.605,107.6404,1691.3769
2024-01-01T00:34:00,107.6404,107.775,107.5574,107.7138,1605.383
2024-01-01T00:35:00,107.7138,107.7696,107.4579,107.6662,1098.7607
2024-01-01T00:36:00,107.6662,107.7978,107.5833,107.6313,951.0465
2024-01-01T00:37:00,107.6313,107.7169,107.3199,107.5239,1010.1568
2024-01-01T00:38:00,107.5239,107.7536,107.1291,107.27,1087.0233
2024-01-01T00:39:00,107.27,107.3057,107.0485,107.1894,1182.0062
2024-01-01T00:40:00,107.1894,107.3831,107.1046,107.2069,1063.3455
2024-01-01T00:41:00,107.2069,107.399,106.7954,106.9373,1261.4645
2024-01-01T00:42:00,106.9373,107.0141,106.5077,106.7081,1299.515
2024-01-01T00:43:00,106.7081,106.9074,106.4559,106.6578,1198.3275
2024-01-01T00:44:00,106.6578,106.7965,106.2464,106.3511,1196.0269
2024-01-01T00:45:00,106.3511,106.4398,105.8675,105.952,1372.2893
2024-01-01T00:46:00,105.952,106.0759,105.6637,105.8905,1301.6568
2024-01-01T00:47:00,105.8905,105.9971,105.7388,105.8151,1188.4965
2024-01-01T00:48:00,105.8151,105.888,105.2791,105.4401,1453.556
2024-01-01T00:49:00,105.4401,105.5708,105.1331,105.3003,1354.6785
2024-01-01T00:50:00,105.3003,105.469,104.6447,104.8658,1493.2854
2024-01-01T00:51:00,104.8658,104.9962,104.6113,104.6788,1408.5745
2024-01-01T00:52:00,104.6788,104.877,104.0959,104.3299,1423.7987
2024-01-01T00:53:00,104.3299,104.5587,103.8238,104.006,1390.6304
2024-01-01T00:54:00,104.006,104.0678,103.3589,103.5789,1566.5698
2024-01-01T00:55:00,103.5789,103.7824,102.9262,103.1621,1553.3556
2024-01-01T00:56:00,103.1621,103.3073,102.7706,102.8281,1420.8503
2024-01-01T00:57:00,102.8281,102.9945,102.5964,102.737,1502.2988
2024-01-01T00:58:00,102.737,102.9501,102.2475,102.451,1472.1221
2024-01-01T00:59:00,102.451,102.5425,102.0263,102.1068,1582.1209
2024-01-01T01:00:00,102.1068,102.2248,101.7207,101.7782,1651.8017
2024-01-01T01:01:00,101.7782,101.9044,101.3475,101.5,1647.639
2024-01-01T01:02:00,101.5,101.7227,101.1278,101.2631,1581.2094
2024-01-01T01:03:00,101.2631,101.297,100.9603,101.0828,1512.7062
2024-01-01T01:04:00,101.0828,101.2806,100.6575,100.7237,1658.0446
2024-01-01T01:05:00,100.7237,100.8705,100.5601,100.6585,1560.6723
2024-01-01T01:06:00,100.6585,100.8532,100.4974,100.5497,1604.569
2024-01-01T01:07:00,100.5497,100.6378,100.1536,100.3458,1653.0018
2024-01-01T01:08:00,100.3458,100.5354,100.0617,100.2833,1600.0391
2024-01-01T01:09:00,100.2833,100.4195,100.1253,100.2629,1645.2683
2024-01-01T01:10:00,100.2629,100.4049,100.0743,100.2047,1093.9107
2024-01-01T01:11:00,100.2047,100.4776,99.9768,100.2636,989.4465
2024-01-01T01:12:00,100.2636,100.5206,100.0572,100.2925,972.8522
2024-01-01T01:13:00,100.2925,100.4154,100.1329,100.1781,1045.376
2024-01-01T01:14:00,100.1781,100.3487,99.8732,100.0679,1179.7654
2024-01-01T01:15:00,100.0679,100.2482,99.842,100.0106,1039.7821
2024-01-01T01:16:00,100.0106,100.4847,99.9345,100.2515,1280.6381
2024-01-01T01:17:00,100.2515,100.4612,100.0137,100.3289,1208.316
2024-01-01T01:18:00,100.3289,100.4564,100.1906,100.3357,1107.9362
2024-01-01T01:19:00,100.3357,100.471,100.1541,100.3741,1081.6123
2024-01-01T01:20:00,100.3741,100.6883,100.3403,100.5658,1220.1762
2024-01-01T01:21:00,100.5658,100.9374,100.5223,100.7998,1373.6189
2024-01-01T01:22:00,100.7998,101.3448,100.7478,101.1107,1294.3819
2024-01-01T01:23:00,101.1107,101.3435,101.0239,101.1499,1173.7792
2024-01-01T01:24:00,101.1499,101.5671,100.9479,101.3457,1280.7856
2024-01-01T01:25:00,101.3457,101.6704,101.1959,101.4473,1338.7567
2024-01-01T01:26:00,101.4473,101.5761,101.2728,101.534,1300.952
2024-01-01T01:27:00,101.534,101.8473,101.3708,101.6202,1386.5046
2024-01-01T01:28:00,101.6202,101.9248,101.5762,101.715,1419.1131
2024-01-01T01:29:00,101.715,102.0541,101.5689,101.9529,1508.7214
2024-01-01T01:30:00,101.9529,102.1781,101.8123,102.1209,1373.4801
2024-01-01T01:31:00,102.1209,102.2917,102.0803,102.2277,1359.1846
2024-01-01T01:32:00,102.2277,102.5029,102.0383,102.4089,1424.2635
2024-01-01T01:33:00,102.4089,102.7245,102.306,102.6572,1421.5546
2024-01-01T01:34:00,102.6572,102.838,102.4732,102.8047,1493.1712
2024-01-01T01:35:00,102.8047,103.0515,102.5785,102.9218,1418.2979
2024-01-01T01:36:00,102.9218,103.3901,102.7879,103.2694,1664.1987
2024-01-01T01:37:00,103.2694,103.5815,103.0949,103.4451,1636.6461
2024-01-01T01:38:00,103.4451,103.7953,103.2667,103.5905,1579.555
2024-01-01T01:39:00,103.5905,103.8503,103.5491,103.7473,1511.2175
2024-01-01T01:40:00,103.7473,103.9497,103.6636,103.7641,1476.4277
2024-01-01T01:41:00,103.7641,103.9789,103.5513,103.7722,1582.1101
2024-01-01T01:42:00,103.7722,103.9217,103.6806,103.8408,1587.5364
2024-01-01T01:43:00,103.8408,103.9709,103.7556,103.8472,1669.8111
2024-01-01T01:44:00,103.8472,104.293,103.7659,104.1481,1812.1695
2024-01-01T01:45:00,104.1481,104.2863,104.1179,104.1815,982.7134
2024-01-01T01:46:00,104.1815,104.3977,104.1093,104.2621,1042.7107
2024-01-01T01:47:00,104.2621,104.3476,104.1,104.1488,1055.4745
2024-01-01T01:48:00,104.1488,104.1836,103.9406,104.0344,1043.9497
2024-01-01T01:49:00,104.0344,104.2532,103.8468,104.1121,1122.9588
2024-01-01T01:50:00,104.1121,104.4397,104.0003,104.2251,1096.1905
2024-01-01T01:51:00,104.2251,104.4883,104.0431,104.4269,1208.5201
2024-01-01T01:52:00,104.4269,104.6323,104.0412,104.2585,1209.6439
2024-01-01T01:53:00,104.2585,104.5412,104.1992,104.3407,1172.7907
2024-01-01T01:54:00,104.3407,104.546,104.1261,104.325,1217.3195
2024-01-01T01:55:00,104.325,104.5477,104.1516,104.3302,1206.978
2024-01-01T01:56:00,104.3302,104.3668,104.1347,104.1926,1220.7209
2024-01-01T01:57:00,104.1926,104.3982,103.8533,104.0006,1309.651
2024-01-01T01:58:00,104.0006,104.1741,103.8678,104.0011,1134.8152
2024-01-01T01:59:00,104.0011,104.2498,103.8655,104.0627,1274.1884
2024-01-01T02:00:00,104.0627,104.1128,103.8779,104.069,1218.0376
2024-01-01T02:01:00,104.069,104.1547,103.6687,103.8518,1316.139
2024-01-01T02:02:00,103.8518,104.1227,103.7181,103.8878,1289.9789
2024-01-01T02:03:00,103.8878,104.0614,103.6354,103.8265,1360.8191
2024-01-01T02:04:00,103.8265,103.8769,103.7655,103.8306,1289.4381
2024-01-01T02:05:00,103.8306,103.9715,103.6814,103.8775,1281.9619
2024-01-01T02:06:00,103.8775,103.964,103.5,103.6711,1489.2772
2024-01-01T02:07:00,103.6711,103.7969,103.5327,103.7058,1394.2045
2024-01-01T02:08:00,103.7058,103.7607,103.4519,103.6695,1365.1053
2024-01-01T02:09:00,103.6695,104.0641,103.6359,103.8375,1485.1516
2024-01-01T02:10:00,103.8375,104.1894,103.7131,103.9561,1448.1837
2024-01-01T02:11:00,103.9561,104.1847,103.7804,103.8547,1515.2628
2024-01-01T02:12:00,103.8547,103.9947,103.5099,103.74,1458.0404
2024-01-01T02:13:00,103.74,104.0333,103.5238,103.8964,1596.308
2024-01-01T02:14:00,103.8964,104.115,103.7109,103.843,1448.9026
2024-01-01T02:15:00,103.843,103.9763,103.5927,103.7174,1547.1152
2024-01-01T02:16:00,103.7174,103.8196,103.5621,103.6585,1633.9718
2024-01-01T02:17:00,103.6585,103.8462,103.3554,103.5616,1538.3025
2024-01-01T02:18:00,103.5616,104.0106,103.3423,103.8309,1659.2658
2024-01-01T02:19:00,103.8309,104.0168,103.5912,103.9042,1648.8548
2024-01-01T02:20:00,103.9042,104.1075,103.8165,103.9876,943.6826
2024-01-01T02:21:00,103.9876,104.1928,103.8964,103.9864,1086.9067
2024-01-01T02:22:00,103.9864,104.1404,103.8491,104.0546,998.8244
2024-01-01T02:23:00,104.0546,104.4133,103.8389,104.1825,1153.8836
2024-01-01T02:24:00,104.1825,104.6419,103.955,104.42,1170.6148
2024-01-01T02:25:00,104.42,104.7423,104.2362,104.7019,1189.5603
2024-01-01T02:26:00,104.7019,105.1714,104.6118,105.006,1144.5308
2024-01-01T02:27:00,105.006,105.4414,104.8769,105.3846,1246.8707
2024-01-01T02:28:00,105.3846,105.7164,105.1496,105.5312,1152.3989
2024-01-01T02:29:00,105.5312,105.9127,105.3842,105.8195,1254.0724
2024-01-01T02:30:00,105.8195,105.9902,105.7459,105.9262,1287.8786
2024-01-01T02:31:00,105.9262,106.2369,105.7059,106.1607,1375.8448
2024-01-01T02:32:00,106.1607,106.4374,106.0903,106.3781,1223.6479
2024-01-01T02:33:00,106.3781,106.6028,106.2979,106.5537,1254.2413
2024-01-01T02:34:00,106.5537,107.0295,106.3662,106.8132,1335.3121
2024-01-01T02:35:00,106.8132,107.1494,106.7041,107.0093,1313.251
2024-01-01T02:36:00,107.0093,107.1541,106.7761,107.0658,1234.3784
2024-01-01T02:37:00,107.0658,107.4446,106.8546,107.2824,1335.8158
2024-01-01T02:38:00,107.2824,107.4834,107.1684,107.4013,1354.1934
2024-01-01T02:39:00,107.4013,107.9769,107.188,107.7687,1400.2614
2024-01-01T02:40:00,107.7687,107.9524,107.5506,107.7734,1347.1662
2024-01-01T02:41:00,107.7734,108.0051,107.6612,107.975,1529.4945
2024-01-01T02:42:00,107.975,108.4614,107.7408,108.2518,1456.9715
2024-01-01T02:43:00,108.2518,108.3142,108.0999,108.2396,1441.9018
2024-01-01T02:44:00,108.2396,108.7074,108.0736,108.5258,1589.878
2024-01-01T02:45:00,108.5258,108.7549,108.4875,108.6091,1525.7899
2024-01-01T02:46:00,108.6091,108.8323,108.4215,108.5871,1431.9326
2024-01-01T02:47:00,108.5871,108.6699,108.341,108.5046,1546.3841
2024-01-01T02:48:00,108.5046,108.5494,108.2546,108.3948,1555.0496
2024-01-01T02:49:00,108.3948,108.4717,108.2117,108.368,1435.1388
2024-01-01T02:50:00,108.368,108.4947,108.0547,108.2861,1590.3995
2024-01-01T02:51:00,108.2861,108.533,108.2068,108.4032,1551.6497
2024-01-01T02:52:00,108.4032,108.7052,108.3086,108.5272,1531.9958
2024-01-01T02:53:00,108.5272,108.6988,108.3352,108.4534,1571.309
2024-01-01T02:54:00,108.4534,108.6777,108.3444,108.422,1531.307
2024-01-01T02:55:00,108.422,108.5403,108.0709,108.2443,1010.3081
2024-01-01T02:56:00,108.2443,108.4295,108.0844,108.2204,964.9733
2024-01-01T02:57:00,108.2204,108.3379,108.0182,108.2424,986.8084
2024-01-01T02:58:00,108.2424,108.4321,107.8694,107.9614,1243.3885
2024-01-01T02:59:00,107.9614,108.0307,107.6901,107.767,1128.6948
2024-01-01T03:00:00,107.767,107.9963,107.5101,107.5708,1143.2172
2024-01-01T03:01:00,107.5708,107.8054,107.1282,107.188,1178.137
2024-01-01T03:02:00,107.188,107.3006,106.5152,106.7338,1375.7998
2024-01-01T03:03:00,106.7338,106.9733,106.298,106.5236,1191.5283
2024-01-01T03:04:00,106.5236,106.7502,105.909,106.0958,1247.4479
2024-01-01T03:05:00,106.0958,106.2053,105.7335,105.842,1246.2999
2024-01-01T03:06:00,105.842,105.8726,105.3053,105.394,1349.3934
2024-01-01T03:07:00,105.394,105.45,105.0084,105.2409,1217.6398
2024-01-01T03:08:00,105.2409,105.4435,104.6557,104.8583,1372.5333
2024-01-01T03:09:00,104.8583,104.9878,104.2508,104.3591,1527.1889
2024-01-01T03:10:00,104.3591,104.4656,103.6984,103.9168,1361.2313
2024-01-01T03:11:00,103.9168,104.1172,103.3705,103.5615,1344.5085
2024-01-01T03:12:00,103.5615,103.6047,102.8467,103.0699,1458.7505
2024-01-01T03:13:00,103.0699,103.2886,102.7563,102.8575,1362.2349
2024-01-01T03:14:00,102.8575,103.0171,102.6504,102.7355,1422.2275
2024-01-01T03:15:00,102.7355,102.8234,102.3515,102.3823,1544.3685
2024-01-01T03:16:00,102.3823,102.5454,102.0433,102.2713,1328.9617
2024-01-01T03:17:00,102.2713,102.4011,101.6861,101.9171,1616.4994
2024-01-01T03:18:00,101.9171,101.9998,101.5182,101.6385,1519.8178
2024-01-01T03:19:00,101.6385,101.7069,101.3865,101.585,1487.3942
2024-01-01T03:20:00,101.585,101.7773,101.3547,101.5122,1439.5995
2024-01-01T03:21:00,101.5122,101.6182,101.0758,101.2701,1483.9105
2024-01-01T03:22:00,101.2701,101.4582,100.9226,101.0046,1509.1567
2024-01-01T03:23:00,101.0046,101.1506,100.6026,100.701,1707.939
2024-01-01T03:24:00,100.701,100.9826,100.6154,100.7452,1455.6744
2024-01-01T03:25:00,100.7452,100.8798,100.3366,100.5157,1616.8285
2024-01-01T03:26:00,100.5157,100.6332,100.2043,100.3645,1642.8372
2024-01-01T03:27:00,100.3645,100.6426,100.195,100.4348,1527.3147
2024-01-01T03:28:00,100.4348,100.6583,100.2857,100.5666,1616.507
2024-01-01T03:29:00,100.5666,100.7574,100.4846,100.6856,1606.1285
2024-01-01T03:30:00,100.6856,100.9012,100.4568,100.6083,991.2113
2024-01-01T03:31:00,100.6083,100.8871,100.4717,100.6487,976.6178
2024-01-01T03:32:00,100.6487,101.0378,100.4106,100.8706,1047.6368
2024-01-01T03:33:00,100.8706,101.1918,100.6641,100.9898,1168.6463
2024-01-01T03:34:00,100.9898,101.0815,100.912,100.967,1015.7027
2024-01-01T03:35:00,100.967,101.473,100.7417,101.3205,1205.4877
2024-01-01T03:36:00,101.3205,101.7785,101.2359,101.6541,1288.1215
2024-01-01T03:37:00,101.6541,102.0895,101.499,102.0373,1298.5093
2024-01-01T03:38:00,102.0373,102.2689,101.9776,102.1615,1132.8887
2024-01-01T03:39:00,102.1615,102.4719,101.9947,102.316,1163.4995
2024-01-01T03:40:00,102.316,102.491,102.1435,102.3923,1145.3609
2024-01-01T03:41:00,102.3923,102.6681,102.1953,102.5953,1281.9424
2024-01-01T03:42:00,102.5953,102.7657,102.4823,102.7144,1265.035
2024-01-01T03:43:00,102.7144,103.1101,102.65,103.0609,1404.7128
2024-01-01T03:44:00,103.0609,103.4164,102.9663,103.3269,1435.2676
2024-01-01T03:45:00,103.3269,103.7093,103.2219,103.5603,1343.008
2024-01-01T03:46:00,103.5603,104.2452,103.4539,104.006,1410.6613
2024-01-01T03:47:00,104.006,104.473,103.9747,104.4002,1533.8887
2024-01-01T03:48:00,104.4002,104.8795,104.2849,104.6772,1499.2543
2024-01-01T03:49:00,104.6772,105.0288,104.6441,104.9647,1462.0172
2024-01-01T03:50:00,104.9647,105.5359,104.916,105.3149,1519.064
2024-01-01T03:51:00,105.3149,105.6909,105.2542,105.555,1429.8402
2024-01-01T03:52:00,105.555,106.0672,105.5021,105.8429,1505.2044
2024-01-01T03:53:00,105.8429,106.4605,105.7714,106.2275,1498.3276
2024-01-01T03:54:00,106.2275,106.8868,106.0961,106.6519,1519.8656
2024-01-01T03:55:00,106.6519,107.1671,106.432,107.0557,1631.245
2024-01-01T03:56:00,107.0557,107.4689,106.8606,107.4052,1554.7781
2024-01-01T03:57:00,107.4052,107.786,107.2011,107.5782,1491.6054
2024-01-01T03:58:00,107.5782,107.7764,107.4395,107.6624,1508.4167
2024-01-01T03:59:00,107.6624,107.7735,107.4802,107.6916,1595.7491
2024-01-01T04:00:00,107.6916,107.8397,107.4807,107.6698,1456.0083
2024-01-01T04:01:00,107.6698,107.9852,107.5139,107.9305,1666.5108
2024-01-01T04:02:00,107.9305,108.1844,107.8123,108.0901,1647.9
2024-01-01T04:03:00,108.0901,108.3204,107.9663,108.152,1598.8998
2024-01-01T04:04:00,108.152,108.312,107.9069,108.0397,1601.5296
2024-01-01T04:05:00,108.0397,108.3811,107.9134,108.1873,994.3192
2024-01-01T04:06:00,108.1873,108.2559,108.1303,108.2034,1002.2921
2024-01-01T04:07:00,108.2034,108.3262,107.9167,108.0538,1006.1671
2024-01-01T04:08:00,108.0538,108.1382,107.8698,108.091,1109.5728
2024-01-01T04:09:00,108.091,108.1324,107.9252,108.061,1052.5922
2024-01-01T04:10:00,108.061,108.2379,107.851,108.1793,1218.9582
2024-01-01T04:11:00,108.1793,108.3976,108.1086,108.1965,1191.9524
2024-01-01T04:12:00,108.1965,108.4274,107.8833,108.1057,1093.8637
2024-01-01T04:13:00,108.1057,108.3374,108.0619,108.1119,1109.7935
2024-01-01T04:14:00,108.1119,108.1753,107.8734,108.0917,1120.0101
2024-01-01T04:15:00,108.0917,108.1518,107.9456,108.0811,1250.0282
2024-01-01T04:16:00,108.0811,108.1663,107.692,107.8283,1261.6084
2024-01-01T04:17:00,107.8283,107.8965,107.4366,107.5004,1422.2555
2024-01-01T04:18:00,107.5004,107.7185,107.3431,107.4085,1313.8715
2024-01-01T04:19:00,107.4085,107.55,106.9318,107.0954,1348.2713
2024-01-01T04:20:00,107.0954,107.242,106.9135,107.0653,1341.5211
2024-01-01T04:21:00,107.0653,107.3038,106.5775,106.7398,1395.6689
2024-01-01T04:22:00,106.7398,106.8254,106.438,106.676,1336.7271
2024-01-01T04:23:00,106.676,106.8665,106.323,106.4459,1352.4518
2024-01-01T04:24:00,106.4459,106.486,106.1609,106.363,1322.456
2024-01-01T04:25:00,106.363,106.5997,106.0906,106.2437,1429.6066
2024-01-01T04:26:00,106.2437,106.274,105.9677,106.0048,1405.2045
2024-01-01T04:27:00,106.0048,106.1256,105.7496,105.8873,1506.5457
2024-01-01T04:28:00,105.8873,105.965,105.4261,105.5933,1441.497
2024-01-01T04:29:00,105.5933,105.6978,105.2064,105.2588,1536.7852
2024-01-01T04:30:00,105.2588,105.4113,104.8646,105.0183,1487.7547
2024-01-01T04:31:00,105.0183,105.148,104.8822,104.9405,1569.2453
2024-01-01T04:32:00,104.9405,105.0019,104.6799,104.73,1589.303
2024-01-01T04:33:00,104.73,104.9648,104.6156,104.7705,1468.5804
2024-01-01T04:34:00,104.7705,104.936,104.3494,104.4975,1599.735
2024-01-01T04:35:00,104.4975,104.6207,104.2523,104.4791,1579.7671
2024-01-01T04:36:00,104.4791,104.6988,104.2845,104.3238,1618.9008
2024-01-01T04:37:00,104.3238,104.4037,104.2003,104.2425,1650.3168
2024-01-01T04:38:00,104.2425,104.3882,103.7984,104.026,1610.5599
2024-01-01T04:39:00,104.026,104.1837,103.7583,103.8947,1682.6101
2024-01-01T04:40:00,103.8947,104.0773,103.7997,104.0107,1002.7432
2024-01-01T04:41:00,104.0107,104.2274,103.6551,103.8495,1114.4652
2024-01-01T04:42:00,103.8495,104.0568,103.4988,103.6853,1088.7006
2024-01-01T04:43:00,103.6853,103.938,103.6079,103.8129,1026.5572
2024-01-01T04:44:00,103.8129,103.8511,103.6581,103.7586,1129.7837
2024-01-01T04:45:00,103.7586,104.0982,103.5791,103.8907,1093.3718
2024-01-01T04:46:00,103.8907,104.1003,103.6951,103.9787,1139.1695
2024-01-01T04:47:00,103.9787,104.1436,103.733,103.9657,1070.5418
2024-01-01T04:48:00,103.9657,104.2267,103.881,104.1935,1182.1969
2024-01-01T04:49:00,104.1935,104.604,104.0068,104.3757,1197.3251
2024-01-01T04:50:00,104.3757,104.7132,104.2954,104.6142,1343.5544
2024-01-01T04:51:00,104.6142,104.9367,104.4445,104.7612,1335.9584
2024-01-01T04:52:00,104.7612,105.055,104.5847,104.8487,1307.1105
2024-01-01T04:53:00,104.8487,105.1064,104.6989,104.9243,1221.1263
2024-01-01T04:54:00,104.9243,105.085,104.8667,104.913,1320.6616
2024-01-01T04:55:00,104.913,104.9487,104.8211,104.8735,1353.8108
2024-01-01T04:56:00,104.8735,104.9657,104.8375,104.9059,1209.1108
2024-01-01T04:57:00,104.9059,105.228,104.7295,105.0649,1405.3804
2024-01-01T04:58:00,105.0649,105.2189,104.8723,104.9786,1407.3971
2024-01-01T04:59:00,104.9786,105.3876,104.9347,105.1704,1478.7575
2024-01-01T05:00:00,105.1704,105.6169,105.1179,105.3886,1388.6692
2024-01-01T05:01:00,105.3886,105.4258,105.083,105.291,1465.1506
2024-01-01T05:02:00,105.291,105.5831,105.1284,105.3799,1385.0608
2024-01-01T05:03:00,105.3799,105.4304,105.0637,105.2528,1404.2794
2024-01-01T05:04:00,105.2528,105.3718,105.1608,105.1952,1402.4076
2024-01-01T05:05:00,105.1952,105.3755,105.0018,105.109,1443.9185
2024-01-01T05:06:00,105.109,105.4024,104.9003,105.2666,1545.4715
2024-01-01T05:07:00,105.2666,105.3833,104.9323,105.0539,1614.481
2024-01-01T05:08:00,105.0539,105.2319,104.8022,104.9451,1488.6734
2024-01-01T05:09:00,104.9451,105.065,104.743,105.0159,1482.404
2024-01-01T05:10:00,105.0159,105.0884,104.5532,104.7432,1730.5452
2024-01-01T05:11:00,104.7432,104.8763,104.3223,104.4555,1722.2758
2024-01-01T05:12:00,104.4555,104.5893,104.1173,104.2202,1724.5415
2024-01-01T05:13:00,104.2202,104.4484,103.9087,103.9983,1625.8549
2024-01-01T05:14:00,103.9983,104.1329,103.8751,103.9282,1656.0292
2024-01-01T05:15:00,103.9282,104.1236,103.4323,103.6087,1175.826
2024-01-01T05:16:00,103.6087,103.7134,103.3694,103.4837,1041.5332
2024-01-01T05:17:00,103.4837,103.5318,103.2294,103.446,956.3639
2024-01-01T05:18:00,103.446,103.5313,102.9177,103.137,1174.0048
2024-01-01T05:19:00,103.137,103.3526,102.8047,102.8837,1161.3339
2024-01-01T05:20:00,102.8837,103.0721,102.4915,102.6796,1192.0557
2024-01-01T05:21:00,102.6796,102.7782,102.3361,102.3987,1277.7306
2024-01-01T05:22:00,102.3987,102.5845,102.1657,102.2313,1175.2822
2024-01-01T05:23:00,102.2313,102.383,102.0458,102.1022,1181.3857
2024-01-01T05:24:00,102.1022,102.1822,101.943,102.0133,1153.6464
2024-01-01T05:25:00,102.0133,102.2204,101.7921,101.8545,1174.7345
2024-01-01T05:26:00,101.8545,101.9531,101.3843,101.5239,1265.823
2024-01-01T05:27:00,101.5239,101.5937,100.9922,101.2269,1371.9063
2024-01-01T05:28:00,101.2269,101.459,100.7975,100.8488,1361.9663
2024-01-01T05:29:00,100.8488,101.0458,100.6286,100.8126,1245.5116
2024-01-01T05:30:00,100.8126,100.9766,100.4331,100.4855,1344.5291
2024-01-01T05:31:00,100.4855,100.5226,100.1279,100.2417,1432.7773
2024-01-01T05:32:00,100.2417,100.3768,99.963,100.1258,1338.0673
2024-01-01T05:33:00,100.1258,100.2826,99.6989,99.8139,1488.3679
2024-01-01T05:34:00,99.8139,99.9342,99.6578,99.8084,1379.1723
2024-01-01T05:35:00,99.8084,99.8864,99.4528,99.6345,1491.4486
2024-01-01T05:36:00,99.6345,99.8115,99.4037,99.6127,1409.4619
2024-01-01T05:37:00,99.6127,99.738,99.4642,99.5599,1431.2662
2024-01-01T05:38:00,99.5599,99.678,99.1267,99.321,1542.7321
2024-01-01T05:39:00,99.321,99.4035,99.1865,99.3055,1420.4348
2024-01-01T05:40:00,99.3055,99.4252,99.1337,99.3092,1519.0047
2024-01-01T05:41:00,99.3092,99.4767,98.9759,99.1693,1496.7412
2024-01-01T05:42:00,99.1693,99.4041,99.1313,99.1694,1483.8576
2024-01-01T05:43:00,99.1694,99.3636,98.8408,99.0684,1539.8986
2024-01-01T05:44:00,99.0684,99.219,98.825,98.9686,1592.9937
2024-01-01T05:45:00,98.9686,99.2134,98.7646,99.0492,1567.7376
2024-01-01T05:46:00,99.0492,99.344,98.9751,99.115,1608.7988
2024-01-01T05:47:00,99.115,99.3876,99.0592,99.1975,1687.8613
2024-01-01T05:48:00,99.1975,99.3309,99.1099,99.289,1604.3697
2024-01-01T05:49:00,99.289,99.4069,99.1545,99.2728,1644.4775
2024-01-01T05:50:00,99.2728,99.4926,99.1957,99.4069,1089.7812
2024-01-01T05:51:00,99.4069,99.9255,99.3309,99.7848,1221.0058
2024-01-01T05:52:00,99.7848,100.0484,99.7277,99.9739,1155.1883
2024-01-01T05:53:00,99.9739,100.5028,99.8453,100.3396,1208.7826
2024-01-01T05:54:00,100.3396,100.7326,100.2355,100.5001,1154.4081
2024-01-01T05:55:00,100.5001,101.1023,100.3718,100.9009,1211.2964
2024-01-01T05:56:00,100.9009,101.2684,100.6958,101.2121,1202.5743
2024-01-01T05:57:00,101.2121,101.7359,101.1031,101.6497,1255.4363
2024-01-01T05:58:00,101.6497,102.0046,101.6192,101.9356,1293.976
2024-01-01T05:59:00,101.9356,102.2554,101.8422,102.174,1248.4356
2024-01-01T06:00:00,102.174,102.6877,102.0055,102.5239,1292.1918
2024-01-01T06:01:00,102.5239,103.2767,102.4819,103.0673,1475.2681
2024-01-01T06:02:00,103.0673,103.798,103.0078,103.6034,1490.7917
2024-01-01T06:03:00,103.6034,104.0682,103.571,104.0351,1486.6241
2024-01-01T06:04:00,104.0351,104.555,103.9837,104.4725,1361.4046
2024-01-01T06:05:00,104.4725,104.9374,104.3697,104.7443,1311.6692
2024-01-01T06:06:00,104.7443,105.4601,104.6791,105.2638,1566.5935
2024-01-01T06:07:00,105.2638,105.8558,105.0935,105.6618,1534.0343
2024-01-01T06:08:00,105.6618,106.323,105.5903,106.1168,1539.8176
2024-01-01T06:09:00,106.1168,106.6468,105.9947,106.461,1545.4374
2024-01-01T06:10:00,106.461,106.885,106.3818,106.7995,1427.2455
2024-01-01T06:11:00,106.7995,107.1401,106.6714,107.0978,1429.2832
2024-01-01T06:12:00,107.0978,107.5118,106.9545,107.3772,1568.6772
2024-01-01T06:13:00,107.3772,107.6593,107.2489,107.4527,1446.9787
2024-01-01T06:14:00,107.4527,107.964,107.344,107.7575,1535.3965
2024-01-01T06:15:00,107.7575,108.1981,107.5937,108.1523,1630.3123
2024-01-01T06:16:00,108.1523,108.3277,107.9789,108.1696,1542.9546
2024-01-01T06:17:00,108.1696,108.5138,108.0324,108.2776,1518.5893
2024-01-01T06:18:00,108.2776,108.6134,108.0968,108.5763,1641.9916
2024-01-01T06:19:00,108.5763,108.8482,108.4694,108.6372,1533.0151
2024-01-01T06:20:00,108.6372,108.9354,108.563,108.7436,1562.992
2024-01-01T06:21:00,108.7436,108.9312,108.5399,108.7849,1528.0727
2024-01-01T06:22:00,108.7849,109.0692,108.6491,108.9544,1596.121
2024-01-01T06:23:00,108.9544,109.2111,108.787,108.9763,1645.7396
2024-01-01T06:24:00,108.9763,109.0729,108.8134,108.9063,1646.9725
2024-01-01T06:25:00,108.9063,109.1218,108.8679,108.9271,1038.8251
2024-01-01T06:26:00,108.9271,109.1638,108.8867,109.0193,1010.7942
2024-01-01T06:27:00,109.0193,109.0892,108.5308,108.7543,1156.8665
2024-01-01T06:28:00,108.7543,108.95,108.4939,108.715,1080.6229
2024-01-01T06:29:00,108.715,108.8766,108.4629,108.6392,1111.1732
2024-01-01T06:30:00,108.6392,108.7138,108.3983,108.5683,1102.1728
2024-01-01T06:31:00,108.5683,108.6196,108.4424,108.5105,1038.9368
2024-01-01T06:32:00,108.5105,108.7325,108.2731,108.4408,1121.6901
2024-01-01T06:33:00,108.4408,108.6359,108.2265,108.3745,1118.265
2024-01-01T06:34:00,108.3745,108.4931,108.0006,108.0974,1255.8938
2024-01-01T06:35:00,108.0974,108.3236,107.8968,107.9383,1248.9983
2024-01-01T06:36:00,107.9383,107.9932,107.3408,107.5409,1368.445
2024-01-01T06:37:00,107.5409,107.6647,107.4374,107.4704,1215.33
2024-01-01T06:38:00,107.4704,107.6973,107.0343,107.2703,1303.619
2024-01-01T06:39:00,107.2703,107.3217,106.8332,106.9985,1304.3318
2024-01-01T06:40:00,106.9985,107.0318,106.5954,106.6264,1449.3945
2024-01-01T06:41:00,106.6264,106.8593,106.1948,106.2433,1505.41
2024-01-01T06:42:00,106.2433,106.277,105.6844,105.8655,1408.2947
2024-01-01T06:43:00,105.8655,105.9348,105.6812,105.7217,1423.6859
2024-01-01T06:44:00,105.7217,105.9314,105.3934,105.5766,1318.1288
2024-01-01T06:45:00,105.5766,105.7555,105.2804,105.4071,1499.0015
2024-01-01T06:46:00,105.4071,105.6396,104.9243,105.1049,1406.9832
2024-01-01T06:47:00,105.1049,105.2716,104.5213,104.7229,1470.7838
2024-01-01T06:48:00,104.7229,104.9061,104.4013,104.4661,1576.8268
2024-01-01T06:49:00,104.4661,104.5087,104.1827,104.2899,1509.5223
2024-01-01T06:50:00,104.2899,104.462,104.0502,104.1106,1568.7981
2024-01-01T06:51:00,104.1106,104.2761,103.7567,103.9189,1523.7531
2024-01-01T06:52:00,103.9189,104.114,103.5244,103.7528,1596.9865
2024-01-01T06:53:00,103.7528,103.8442,103.6307,103.6734,1612.6685
2024-01-01T06:54:00,103.6734,103.8772,103.5646,103.6643,1534.8796
2024-01-01T06:55:00,103.6643,103.9828,103.5081,103.7783,1543.4088
2024-01-01T06:56:00,103.7783,103.9948,103.5937,103.7028,1612.9593
2024-01-01T06:57:00,103.7028,103.9306,103.5032,103.7125,1531.0482
2024-01-01T06:58:00,103.7125,103.7977,103.3946,103.5133,1683.2404
2024-01-01T06:59:00,103.5133,103.859,103.4744,103.6426,1716.2911
2024-01-01T07:00:00,103.6426,104.0011,103.4925,103.789,1010.7663
2024-01-01T07:01:00,103.789,104.1679,103.6152,103.9685,1157.8656
2024-01-01T07:02:00,103.9685,104.0217,103.8222,103.9738,1081.7773
2024-01-01T07:03:00,103.9738,104.1614,103.7146,103.9402,1010.2342
2024-01-01T07:04:00,103.9402,104.2492,103.8125,104.0769,1066.5739
2024-01-01T07:05:00,104.0769,104.2822,103.8806,104.0944,1080.1176
2024-01-01T07:06:00,104.0944,104.2938,103.8699,104.0621,1063.506
2024-01-01T07:07:00,104.0621,104.4473,103.8462,104.2289,1190.0236
2024-01-01T07:08:00,104.2289,104.5214,104.1592,104.3677,1136.8767
2024-01-01T07:09:00,104.3677,104.5807,104.2615,104.4035,1178.6499
2024-01-01T07:10:00,104.4035,104.6703,104.3422,104.5317,1141.8756
2024-01-01T07:11:00,104.5317,105.001,104.4794,104.8924,1363.4068
2024-01-01T07:12:00,104.8924,105.2413,104.737,105.1785,1298.2215
2024-01-01T07:13:00,105.1785,105.4005,105.1414,105.3662,1391.0981
2024-01-01T07:14:00,105.3662,105.8195,105.2171,105.6874,1334.0168
2024-01-01T07:15:00,105.6874,106.0954,105.4587,105.976,1429.2908
2024-01-01T07:16:00,105.976,106.5106,105.8926,106.2783,1321.8057
2024-01-01T07:17:00,106.2783,106.4111,106.2307,106.3431,1242.4057
2024-01-01T07:18:00,106.3431,106.752,106.2169,106.5392,1476.8374
2024-01-01T07:19:00,106.5392,106.9071,106.3836,106.8636,1449.7883
2024-01-01T07:20:00,106.8636,107.1124,106.7796,106.8809,1368.8782
2024-01-01T07:21:00,106.8809,107.3188,106.7103,107.088,1435.7267
2024-01-01T07:22:00,107.088,107.2763,106.8552,107.2127,1526.8993
2024-01-01T07:23:00,107.2127,107.2792,107.129,107.2411,1389.272
2024-01-01T07:24:00,107.2411,107.737,107.0353,107.5171,1456.3823
2024-01-01T07:25:00,107.5171,107.9159,107.3513,107.7369,1619.7053
2024-01-01T07:26:00,107.7369,107.7973,107.478,107.6665,1566.6441
2024-01-01T07:27:00,107.6665,107.9119,107.5123,107.8191,1586.5078
2024-01-01T07:28:00,107.8191,107.9171,107.6571,107.7411,1459.1053
2024-01-01T07:29:00,107.7411,107.8577,107.661,107.7923,1469.2721
2024-01-01T07:30:00,107.7923,107.9371,107.6117,107.9044,1522.2033
2024-01-01T07:31:00,107.9044,108.1292,107.6828,107.7591,1687.155
2024-01-01T07:32:00,107.7591,108.1327,107.6997,107.9161,1622.4281
2024-01-01T07:33:00,107.9161,108.1411,107.5606,107.7675,1669.5026
2024-01-01T07:34:00,107.7675,107.8688,107.5386,107.7415,1608.8883
2024-01-01T07:35:00,107.7415,107.8304,107.6649,107.7704,922.3701
2024-01-01T07:36:00,107.7704,107.967,107.71,107.8208,1095.8957
2024-01-01T07:37:00,107.8208,107.9373,107.6284,107.6911,1039.293
2024-01-01T07:38:00,107.6911,107.8702,107.6258,107.77,1075.5277
2024-01-01T07:39:00,107.77,107.9897,107.5888,107.6427,1201.6006
2024-01-01T07:40:00,107.6427,107.8607,107.2391,107.4094,1125.9982
2024-01-01T07:41:00,107.4094,107.4995,107.2463,107.3305,1077.4564
2024-01-01T07:42:00,107.3305,107.5686,106.9648,107.2044,1245.4658
2024-01-01T07:43:00,107.2044,107.2952,106.7561,106.9743,1150.9862
2024-01-01T07:44:00,106.9743,107.0736,106.7388,106.982,1068.1227
2024-01-01T07:45:00,106.982,107.1222,106.9226,107.0206,1096.5801
2024-01-01T07:46:00,107.0206,107.2113,106.9516,107.0708,1197.3902
2024-01-01T07:47:00,107.0708,107.2304,106.9208,107.1546,1176.0582
2024-01-01T07:48:00,107.1546,107.3464,106.7858,106.9652,1248.9295
2024-01-01T07:49:00,106.9652,107.0136,106.5862,106.744,1334.0946
2024-01-01T07:50:00,106.744,106.8173,106.4461,106.6047,1355.9137
2024-01-01T07:51:00,106.6047,106.8315,106.5322,106.679,1231.0498
2024-01-01T07:52:00,106.679,106.8498,106.4975,106.7341,1239.0994
2024-01-01T07:53:00,106.7341,106.9312,106.5273,106.8308,1420.2135
2024-01-01T07:54:00,106.8308,106.864,106.5988,106.8199,1332.3506
2024-01-01T07:55:00,106.8199,107.0533,106.7509,106.9674,1471.6076
2024-01-01T07:56:00,106.9674,107.0317,106.8302,106.9381,1397.3527
2024-01-01T07:57:00,106.9381,107.0773,106.6637,106.7873,1452.178
2024-01-01T07:58:00,106.7873,106.9673,106.4959,106.6973,1507.5576
2024-01-01T07:59:00,106.6973,106.8802,106.5872,106.7009,1468.72
2024-01-01T08:00:00,106.7009,106.9142,106.3932,106.6235,1471.5544
2024-01-01T08:01:00,106.6235,106.8775,106.4807,106.7361,1418.9971
2024-01-01T08:02:00,106.7361,107.1164,106.6678,107.0394,1531.8933
2024-01-01T08:03:00,107.0394,107.2902,107.0031,107.0886,1441.9995
2024-01-01T08:04:00,107.0886,107.3971,107.0548,107.3262,1629.6815
2024-01-01T08:05:00,107.3262,107.6747,107.1486,107.5349,1546.1849
2024-01-01T08:06:00,107.5349,108.0528,107.4954,107.8722,1621.8043
2024-01-01T08:07:00,107.8722,108.2183,107.7834,108.0831,1586.5623
2024-01-01T08:08:00,108.0831,108.3351,107.9288,108.2763,1730.1545
2024-01-01T08:09:00,108.2763,108.5364,108.0896,108.3861,1587.6862
2024-01-01T08:10:00,108.3861,108.9944,108.2745,108.7675,1135.8638
2024-01-01T08:11:00,108.7675,109.3069,108.6544,109.1665,1255.0125
2024-01-01T08:12:00,109.1665,109.6538,109.086,109.5527,1158.5145
2024-01-01T08:13:00,109.5527,110.0548,109.3538,109.8188,1230.0497
2024-01-01T08:14:00,109.8188,110.445,109.7775,110.237,1240.8052
2024-01-01T08:15:00,110.237,110.9421,110.1547,110.7159,1267.1203
2024-01-01T08:16:00,110.7159,111.1824,110.5745,111.0759,1171.6365
2024-01-01T08:17:00,111.0759,111.4987,111.0415,111.3627,1171.5668
2024-01-01T08:18:00,111.3627,112.0475,111.1359,111.8544,1364.4871
2024-01-01T08:19:00,111.8544,112.4998,111.6386,112.2841,1248.6778
2024-01-01T08:20:00,112.2841,112.733,112.1117,112.6472,1281.7214
2024-01-01T08:21:00,112.6472,113.1919,112.4868,112.9677,1277.7212
2024-01-01T08:22:00,112.9677,113.3942,112.7381,113.2731,1296.0233
2024-01-01T08:23:00,113.2731,113.6542,113.2179,113.4882,1331.3005
2024-01-01T08:24:00,113.4882,114.0779,113.4018,113.94,1425.7039
2024-01-01T08:25:00,113.94,114.2801,113.884,114.219,1310.8156
2024-01-01T08:26:00,114.219,114.5079,114.1284,114.3926,1304.7194
2024-01-01T08:27:00,114.3926,114.6169,114.1862,114.4722,1349.2418
2024-01-01T08:28:00,114.4722,114.8844,114.4,114.7178,1455.0182
2024-01-01T08:29:00,114.7178,115.0482,114.5591,114.9031,1404.2341
2024-01-01T08:30:00,114.9031,115.092,114.8266,115.0111,1397.6093
2024-01-01T08:31:00,115.0111,115.2784,114.9786,115.1254,1389.4855
2024-01-01T08:32:00,115.1254,115.4793,114.9785,115.3992,1499.4558
2024-01-01T08:33:00,115.3992,115.6678,115.3072,115.4305,1466.1006
2024-01-01T08:34:00,115.4305,115.4745,115.1767,115.3897,1428.3353
2024-01-01T08:35:00,115.3897,115.5011,115.1651,115.2875,1525.2737
2024-01-01T08:36:00,115.2875,115.3648,114.9468,115.1783,1546.844
2024-01-01T08:37:00,115.1783,115.279,114.9569,115.0609,1556.8537
2024-01-01T08:38:00,115.0609,115.3021,114.8584,115.0936,1510.9506
2024-01-01T08:39:00,115.0936,115.3338,114.9041,115.1477,1530.235
2024-01-01T08:40:00,115.1477,115.3731,114.9256,115.1943,1482.4888
2024-01-01T08:41:00,115.1943,115.28,115.0035,115.2491,1586.4543
2024-01-01T08:42:00,115.2491,115.4812,114.9882,115.1383,1597.7511
2024-01-01T08:43:00,115.1383,115.3516,114.9556,115.1131,1572.8991
2024-01-01T08:44:00,115.1131,115.2393,114.7581,114.94,1637.4453
2024-01-01T08:45:00,114.94,115.0866,114.6118,114.7225,1049.2788
2024-01-01T08:46:00,114.7225,114.9309,114.5012,114.6361,1034.2052
2024-01-01T08:47:00,114.6361,114.73,114.2421,114.3025,1179.6949
2024-01-01T08:48:00,114.3025,114.351,113.8801,114.1034,1095.9531
2024-01-01T08:49:00,114.1034,114.3094,113.7574,113.9888,1056.899
2024-01-01T08:50:00,113.9888,114.21,113.6704,113.7027,1118.7027
2024-01-01T08:51:00,113.7027,113.8371,113.2347,113.458,1249.9884
2024-01-01T08:52:00,113.458,113.6976,113.0554,113.1941,1229.9614
2024-01-01T08:53:00,113.1941,113.3059,112.8736,112.9787,1241.5023
2024-01-01T08:54:00,112.9787,113.2078,112.4592,112.6313,1302.4625
2024-01-01T08:55:00,112.6313,112.7399,112.0709,112.1851,1368.4476
2024-01-01T08:56:00,112.1851,112.3998,111.686,111.9186,1297.5376
2024-01-01T08:57:00,111.9186,112.0797,111.3633,111.6025,1310.5334
2024-01-01T08:58:00,111.6025,111.8039,111.2583,111.3241,1308.1849
2024-01-01T08:59:00,111.3241,111.5276,111.084,111.2216,1214.939
2024-01-01T09:00:00,111.2216,111.3965,110.8425,111.0449,1422.4806
2024-01-01T09:01:00,111.0449,111.1632,110.8125,110.8753,1311.3928
2024-01-01T09:02:00,110.8753,111.0114,110.5048,110.5743,1365.278
2024-01-01T09:03:00,110.5743,110.7309,110.2275,110.3316,1504.7762
2024-01-01T09:04:00,110.3316,110.3705,109.9902,110.1066,1478.2888
2024-01-01T09:05:00,110.1066,110.2817,109.7422,109.773,1454.9009
2024-01-01T09:06:00,109.773,109.9261,109.4909,109.6612,1360.3646
2024-01-01T09:07:00,109.6612,109.8074,109.3523,109.4382,1506.0909
2024-01-01T09:08:00,109.4382,109.6776,109.0982,109.2488,1467.5309
2024-01-01T09:09:00,109.2488,109.3118,108.7361,108.9256,1486.9502
2024-01-01T09:10:00,108.9256,108.9914,108.4774,108.6171,1627.7417
2024-01-01T09:11:00,108.6171,108.8165,108.484,108.5271,1408.0638
2024-01-01T09:12:00,108.5271,108.6249,108.3408,108.521,1452.2192
2024-01-01T09:13:00,108.521,108.607,108.2602,108.3111,1654.8651
2024-01-01T09:14:00,108.3111,108.4144,108.1583,108.2828,1503.3088
2024-01-01T09:15:00,108.2828,108.4998,107.9264,108.0788,1698.4181
2024-01-01T09:16:00,108.0788,108.239,107.9633,108.0457,1479.8202
2024-01-01T09:17:00,108.0457,108.433,107.9496,108.2235,1712.4945
2024-01-01T09:18:00,108.2235,108.4753,108.067,108.3815,1733.1652
2024-01-01T09:19:00,108.3815,108.6704,108.3005,108.441,1607.1234
2024-01-01T09:20:00,108.441,108.6839,108.346,108.6074,1127.4771
2024-01-01T09:21:00,108.6074,108.9028,108.5263,108.7063,990.7645
2024-01-01T09:22:00,108.7063,108.8468,108.4723,108.7776,1018.2673
2024-01-01T09:23:00,108.7776,108.9993,108.6356,108.9451,1093.755
2024-01-01T09:24:00,108.9451,109.1138,108.8892,109.0701,1173.1348
2024-01-01T09:25:00,109.0701,109.2729,108.9999,109.1915,1092.0277
2024-01-01T09:26:00,109.1915,109.3214,109.022,109.2841,1108.3543
2024-01-01T09:27:00,109.2841,109.537,109.2346,109.3587,1105.8882
2024-01-01T09:28:00,109.3587,109.7594,109.2356,109.7026,1338.9629
2024-01-01T09:29:00,109.7026,110.1079,109.5985,110.0444,1335.6077
2024-01-01T09:30:00,110.0444,110.4624,109.9707,110.2311,1329.5804
2024-01-01T09:31:00,110.2311,110.5498,110.1061,110.4721,1222.7793
2024-01-01T09:32:00,110.4721,110.8782,110.2532,110.7935,1356.7423
2024-01-01T09:33:00,110.7935,111.0699,110.6358,110.9881,1254.018
2024-01-01T09:34:00,110.9881,111.4303,110.8504,111.3745,1411.9476
2024-01-01T09:35:00,111.3745,111.7224,111.2637,111.5304,1353.8098
2024-01-01T09:36:00,111.5304,111.8909,111.4185,111.7956,1314.8902
2024-01-01T09:37:00,111.7956,112.1159,111.6982,111.9071,1372.1334
2024-01-01T09:38:00,111.9071,112.1339,111.8012,111.9859,1347.1266
2024-01-01T09:39:00,111.9859,112.1714,111.8905,112.1275,1342.2551
2024-01-01T09:40:00,112.1275,112.3748,112.0382,112.1943,1360.6627
2024-01-01T09:41:00,112.1943,112.74,111.9789,112.5473,1581.2707
2024-01-01T09:42:00,112.5473,112.6806,112.5111,112.5925,1437.3374
2024-01-01T09:43:00,112.5925,112.9299,112.4759,112.8261,1530.7262
2024-01-01T09:44:00,112.8261,113.1407,112.6183,113.0586,1493.0286
2024-01-01T09:45:00,113.0586,113.317,113.0044,113.2489,1594.2121
2024-01-01T09:46:00,113.2489,113.6427,113.2104,113.4631,1465.1587
2024-01-01T09:47:00,113.4631,113.5347,113.3496,113.4433,1462.8555
2024-01-01T09:48:00,113.4433,113.5386,113.1957,113.3598,1471.3959
2024-01-01T09:49:00,113.3598,113.7129,113.1793,113.5632,1553.2838
2024-01-01T09:50:00,113.5632,113.7694,113.4599,113.5957,1453.7995
2024-01-01T09:51:00,113.5957,113.9557,113.5055,113.7627,1535.8871
2024-01-01T09:52:00,113.7627,114.0779,113.7227,113.9204,1586.2304
2024-01-01T09:53:00,113.9204,114.1166,113.7051,113.7792,1717.8829
2024-01-01T09:54:00,113.7792,113.9128,113.6034,113.8647,1618.7595
2024-01-01T09:55:00,113.8647,114.1382,113.7757,113.9342,945.371
2024-01-01T09:56:00,113.9342,114.1838,113.7089,114.0648,1097.3373
2024-01-01T09:57:00,114.0648,114.3072,113.9029,114.1029,1033.5178
2024-01-01T09:58:00,114.1029,114.2796,113.7486,113.8686,1144.5669
2024-01-01T09:59:00,113.8686,114.0118,113.6786,113.955,1016.1538
2024-01-01T10:00:00,113.955,114.1542,113.8608,113.9457,1092.2587
2024-01-01T10:01:00,113.9457,114.1929,113.8015,114.029,1087.9314
2024-01-01T10:02:00,114.029,114.1341,113.6427,113.7591,1175.5932
2024-01-01T10:03:00,113.7591,113.8178,113.4003,113.5788,1240.3934
2024-01-01T10:04:00,113.5788,113.6596,113.2282,113.3664,1231.2983
2024-01-01T10:05:00,113.3664,113.5202,113.2736,113.4164,1260.2184
2024-01-01T10:06:00,113.4164,113.5647,113.0632,113.1632,1351.1035
2024-01-01T10:07:00,113.1632,113.3529,112.999,113.0646,1277.4098
2024-01-01T10:08:00,113.0646,113.1914,112.7958,112.9867,1316.3285
2024-01-01T10:09:00,112.9867,113.0774,112.6221,112.7278,1297.8722
2024-01-01T10:10:00,112.7278,112.8168,112.3815,112.4529,1411.771
2024-01-01T10:11:00,112.4529,112.5066,112.2329,112.3311,1323.5151
2024-01-01T10:12:00,112.3311,112.3964,112.139,112.1841,1269.6875
2024-01-01T10:13:00,112.1841,112.4721,112.1364,112.2845,1395.2512
2024-01-01T10:14:00,112.2845,112.5381,112.2316,112.3898,1374.2227
2024-01-01T10:15:00,112.3898,112.4596,112.154,112.298,1300.0246
2024-01-01T10:16:00,112.298,112.5674,112.1362,112.402,1490.0282
2024-01-01T10:17:00,112.402,112.4995,112.3204,112.4167,1327.1156
2024-01-01T10:18:00,112.4167,112.6093,112.0003,112.2066,1455.5692
2024-01-01T10:19:00,112.2066,112.3706,111.8622,112.0698,1556.2511
2024-01-01T10:20:00,112.0698,112.2646,111.7357,111.9401,1538.1062
2024-01-01T10:21:00,111.9401,112.0089,111.681,111.8843,1449.0599
2024-01-01T10:22:00,111.8843,112.0301,111.7508,111.8583,1546.5676
2024-01-01T10:23:00,111.8583,111.897,111.648,111.7971,1542.8033
2024-01-01T10:24:00,111.7971,112.1481,111.577,111.97,1664.6965
2024-01-01T10:25:00,111.97,112.1673,111.9069,112.0324,1520.1583
2024-01-01T10:26:00,112.0324,112.1874,111.8579,112.1406,1532.8707
2024-01-01T10:27:00,112.1406,112.442,112.0917,112.2083,1511.6551
2024-01-01T10:28:00,112.2083,112.356,112.0265,112.286,1527.1133
2024-01-01T10:29:00,112.286,112.7361,112.0907,112.5265,1689.5868
2024-01-01T10:30:00,112.5265,112.7333,112.3884,112.5644,991.7489
2024-01-01T10:31:00,112.5644,112.7537,112.3945,112.6315,1094.8985
2024-01-01T10:32:00,112.6315,112.985,112.5394,112.9204,1137.1065
2024-01-01T10:33:00,112.9204,113.1886,112.8494,113.0855,1038.6258
2024-01-01T10:34:00,113.0855,113.2903,112.8515,113.1636,1168.3806
2024-01-01T10:35:00,113.1636,113.6849,112.9316,113.4503,1221.9732
2024-01-01T10:36:00,113.4503,113.7601,113.2782,113.7175,1229.8597
2024-01-01T10:37:00,113.7175,113.9388,113.4874,113.7888,1142.5072
2024-01-01T10:38:00,113.7888,114.0841,113.6867,113.9913,1288.3448
2024-01-01T10:39:00,113.9913,114.0609,113.7821,113.9546,1157.9108
2024-01-01T10:40:00,113.9546,114.1233,113.8264,113.9345,1192.9905
2024-01-01T10:41:00,113.9345,114.1746,113.7859,114.0333,1210.8534
2024-01-01T10:42:00,114.0333,114.1012,113.792,114.0089,1224.9176
2024-01-01T10:43:00,114.0089,114.22,113.8905,113.9738,1165.857
2024-01-01T10:44:00,113.9738,114.169,113.841,114.0862,1298.9484
2024-01-01T10:45:00,114.0862,114.2365,114.0165,114.0702,1269.0926
2024-01-01T10:46:00,114.0702,114.2244,113.9545,114.1776,1246.3261
2024-01-01T10:47:00,114.1776,114.4244,114.032,114.213,1349.5137
2024-01-01T10:48:00,114.213,114.4067,113.975,114.3526,1412.516
2024-01-01T10:49:00,114.3526,114.557,114.1136,114.226,1326.0261
2024-01-01T10:50:00,114.226,114.5553,114.0332,114.407,1360.6731
2024-01-01T10:51:00,114.407,114.5413,114.3273,114.4992,1383.7479
2024-01-01T10:52:00,114.4992,114.654,114.2079,114.2827,1440.9319
2024-01-01T10:53:00,114.2827,114.4287,114.0661,114.3092,1436.9606
2024-01-01T10:54:00,114.3092,114.5264,114.0866,114.3781,1517.6781
2024-01-01T10:55:00,114.3781,114.5647,114.0575,114.1591,1579.4273
2024-01-01T10:56:00,114.1591,114.3625,114.0589,114.1147,1453.8295
2024-01-01T10:57:00,114.1147,114.3437,113.8901,114.0717,1411.8733
2024-01-01T10:58:00,114.0717,114.1226,113.8131,113.9584,1596.1277
2024-01-01T10:59:00,113.9584,114.1827,113.4677,113.6395,1601.7535
2024-01-01T11:00:00,113.6395,113.7634,113.1268,113.3328,1673.477
2024-01-01T11:01:00,113.3328,113.3672,112.9252,112.9784,1750.9856
2024-01-01T11:02:00,112.9784,113.1248,112.5438,112.6348,1744.0061
2024-01-01T11:03:00,112.6348,112.695,112.1364,112.3502,1710.4284
2024-01-01T11:04:00,112.3502,112.5499,111.9398,112.169,1590.5783
2024-01-01T11:05:00,112.169,112.2307,111.7081,111.8434,1193.8975
2024-01-01T11:06:00,111.8434,111.8809,111.6127,111.681,1133.523
2024-01-01T11:07:00,111.681,111.7934,111.3334,111.4633,1055.917
2024-01-01T11:08:00,111.4633,111.5759,111.0877,111.301,1132.1046
2024-01-01T11:09:00,111.301,111.4002,110.7654,110.8408,1326.2225
2024-01-01T11:10:00,110.8408,110.88,110.5062,110.5718,1167.9372
2024-01-01T11:11:00,110.5718,110.723,110.1435,110.2549,1204.7694
2024-01-01T11:12:00,110.2549,110.4065,109.6626,109.7627,1236.42
2024-01-01T11:13:00,109.7627,109.9999,109.4055,109.445,1203.6854
2024-01-01T11:14:00,109.445,109.5323,109.1245,109.2119,1249.8934
2024-01-01T11:15:00,109.2119,109.3614,108.6888,108.8297,1412.7823
2024-01-01T11:16:00,108.8297,108.8669,108.5855,108.7332,1277.304
2024-01-01T11:17:00,108.7332,108.9258,108.4384,108.6013,1285.6069
2024-01-01T11:18:00,108.6013,108.6905,108.091,108.288,1422.7088
2024-01-01T11:19:00,108.288,108.4611,108.1135,108.2074,1323.2611
2024-01-01T11:20:00,108.2074,108.3443,107.9034,108.0668,1292.1279
2024-01-01T11:21:00,108.0668,108.182,107.8291,107.8718,1330.5976
2024-01-01T11:22:00,107.8718,108.1094,107.4781,107.6092,1382.3946
2024-01-01T11:23:00,107.6092,107.6885,107.2333,107.3366,1362.9001
2024-01-01T11:24:00,107.3366,107.5495,106.8707,106.9959,1465.3101
2024-01-01T11:25:00,106.9959,107.0894,106.8257,106.8912,1315.8937
2024-01-01T11:26:00,106.8912,106.986,106.5261,106.7087,1453.8724
2024-01-01T11:27:00,106.7087,106.8939,106.4853,106.7924,1436.1644
2024-01-01T11:28:00,106.7924,106.86,106.4237,106.5756,1582.8343
2024-01-01T11:29:00,106.5756,106.7682,106.3697,106.4896,1524.3948
2024-01-01T11:30:00,106.4896,106.6214,106.1009,106.3198,1470.9967
2024-01-01T11:31:00,106.3198,106.3546,106.1836,106.2481,1446.3237
2024-01-01T11:32:00,106.2481,106.4483,106.1342,106.3724,1474.2579
2024-01-01T11:33:00,106.3724,106.6954,106.2063,106.484,1486.2574
2024-01-01T11:34:00,106.484,106.903,106.3278,106.6707,1514.708
2024-01-01T11:35:00,106.6707,107.1249,106.5691,106.911,1565.5229
2024-01-01T11:36:00,106.911,107.082,106.6972,106.9393,1585.0508
2024-01-01T11:37:00,106.9393,107.3444,106.8407,107.2698,1749.7209
2024-01-01T11:38:00,107.2698,107.6335,107.0973,107.5183,1659.1707
2024-01-01T11:39:00,107.5183,107.6799,107.4788,107.5629,1643.4333
2024-01-01T11:40:00,107.5629,107.8659,107.4073,107.7321,1017.3229
2024-01-01T11:41:00,107.7321,108.0009,107.5077,107.9681,1118.6713
2024-01-01T11:42:00,107.9681,108.4612,107.8091,108.4195,1255.9325
2024-01-01T11:43:00,108.4195,108.6848,108.3567,108.6351,1070.2625
2024-01-01T11:44:00,108.6351,109.0787,108.4342,109.0299,1213.965
2024-01-01T11:45:00,109.0299,109.502,108.8833,109.3484,1242.1126
2024-01-01T11:46:00,109.3484,109.799,109.1628,109.6995,1201.8731
2024-01-01T11:47:00,109.6995,110.2893,109.5066,110.099,1249.4338
2024-01-01T11:48:00,110.099,110.7614,109.9738,110.5262,1273.5109
2024-01-01T11:49:00,110.5262,111.0886,110.4685,110.861,1204.2674
2024-01-01T11:50:00,110.861,111.3457,110.6684,111.1781,1278.4103
2024-01-01T11:51:00,111.1781,111.7664,110.9892,111.6885,1328.5645
2024-01-01T11:52:00,111.6885,111.8878,111.6459,111.8296,1265.593
2024-01-01T11:53:00,111.8296,112.2333,111.6022,112.1651,1340.7136
2024-01-01T11:54:00,112.1651,112.4056,111.9802,112.3383,1390.6311
2024-01-01T11:55:00,112.3383,112.5427,112.1449,112.5066,1284.3174
2024-01-01T11:56:00,112.5066,113.1095,112.343,112.9747,1446.6009
2024-01-01T11:57:00,112.9747,113.487,112.8767,113.3604,1530.6019
2024-01-01T11:58:00,113.3604,113.6517,113.3167,113.4677,1385.2592
2024-01-01T11:59:00,113.4677,113.8816,113.4251,113.6702,1428.5962
